hijri,gregorian
1.1.1420,17.4.1999
1.2.1420,16.5.1999
1.3.1420,15.6.1999
1.4.1420,14.7.1999
1.5.1420,12.8.1999
1.6.1420,11.9.1999
1.7.1420,10.10.1999
1.8.1420,9.11.1999
1.9.1420,9.12.1999
1.10.1420,8.1.2000
1.11.1420,7.2.2000
1.12.1420,7.3.2000
1.1.1421,6.4.2000
1.2.1421,5.5.2000
1.3.1421,3.6.2000
1.4.1421,3.7.2000
1.5.1421,1.8.2000
1.6.1421,30.8.2000
1.7.1421,28.9.2000
1.8.1421,28.10.2000
1.9.1421,27.11.2000
1.10.1421,27.12.2000
1.11.1421,26.1.2001
1.12.1421,24.2.2001
1.1.1422,26.3.2001
1.2.1422,25.4.2001
1.3.1422,24.5.2001
1.4.1422,22.6.2001
1.5.1422,22.7.2001
1.6.1422,20.8.2001
1.7.1422,18.9.2001
1.8.1422,17.10.2001
1.9.1422,16.11.2001
1.10.1422,16.12.2001
1.11.1422,15.1.2002
1.12.1422,13.2.2002
1.1.1423,15.3.2002
1.2.1423,14.4.2002
1.3.1423,13.5.2002
1.4.1423,12.6.2002
1.5.1423,11.7.2002
1.6.1423,10.8.2002
1.7.1423,8.9.2002
1.8.1423,7.10.2002
1.9.1423,6.11.2002
1.10.1423,5.12.2002
1.11.1423,4.1.2003
1.12.1423,2.2.2003
1.1.1424,4.3.2003
1.2.1424,3.4.2003
1.3.1424,2.5.2003
1.4.1424,1.6.2003
1.5.1424,1.7.2003
1.6.1424,30.7.2003
1.7.1424,29.8.2003
1.8.1424,27.9.2003
1.9.1424,26.10.2003
1.10.1424,25.11.2003
1.11.1424,24.12.2003
1.12.1424,23.1.2004
1.1.1425,21.2.2004
1.2.1425,22.3.2004
1.3.1425,20.4.2004
1.4.1425,20.5.2004
1.5.1425,19.6.2004
1.6.1425,18.7.2004
1.7.1425,17.8.2004
1.8.1425,15.9.2004
1.9.1425,15.10.2004
1.10.1425,14.11.2004
1.11.1425,13.12.2004
1.12.1425,12.1.2005
1.1.1426,10.2.2005
1.2.1426,11.3.2005
1.3.1426,10.4.2005
1.4.1426,9.5.2005
1.5.1426,8.6.2005
1.6.1426,7.7.2005
1.7.1426,6.8.2005
1.8.1426,5.9.2005
1.9.1426,4.10.2005
1.10.1426,3.11.2005
1.11.1426,3.12.2005
1.12.1426,1.1.2006
1.1.1427,31.1.2006
1.2.1427,1.3.2006
1.3.1427,30.3.2006
1.4.1427,29.4.2006
1.5.1427,28.5.2006
1.6.1427,27.6.2006
1.7.1427,26.7.2006
1.8.1427,25.8.2006
1.9.1427,24.9.2006
1.10.1427,23.10.2006
1.11.1427,22.11.2006
1.12.1427,22.12.2006
1.1.1428,20.1.2007
1.2.1428,19.2.2007
1.3.1428,20.3.2007
1.4.1428,18.4.2007
1.5.1428,18.5.2007
1.6.1428,16.6.2007
1.7.1428,15.7.2007
1.8.1428,14.8.2007
1.9.1428,13.9.2007
1.10.1428,13.10.2007
1.11.1428,11.11.2007
1.12.1428,11.12.2007
1.1.1429,10.1.2008
1.2.1429,8.2.2008
1.3.1429,9.3.2008
1.4.1429,7.4.2008
1.5.1429,6.5.2008
1.6.1429,5.6.2008
1.7.1429,4.7.2008
1.8.1429,2.8.2008
1.9.1429,1.9.2008
1.10.1429,1.10.2008
1.11.1429,30.10.2008
1.12.1429,29.11.2008
1.1.1430,29.12.2008
1.2.1430,27.1.2009
1.3.1430,26.2.2009
1.4.1430,28.3.2009
1.5.1430,26.4.2009
1.6.1430,25.5.2009
1.7.1430,24.6.2009
1.8.1430,23.7.2009
1.9.1430,22.8.2009
1.10.1430,20.9.2009
1.11.1430,20.10.2009
1.12.1430,18.11.2009
1.1.1431,18.12.2009
1.2.1431,16.1.2010
1.3.1431,15.2.2010
1.4.1431,17.3.2010
1.5.1431,15.4.2010
1.6.1431,15.5.2010
1.7.1431,13.6.2010
1.8.1431,13.7.2010
1.9.1431,11.8.2010
1.10.1431,10.9.2010
1.11.1431,9.10.2010
1.12.1431,7.11.2010
1.1.1432,7.12.2010
1.2.1432,5.1.2011
1.3.1432,4.2.2011
1.4.1432,6.3.2011
1.5.1432,5.4.2011
1.6.1432,4.5.2011
1.7.1432,3.6.2011
1.8.1432,2.7.2011
1.9.1432,1.8.2011
1.10.1432,30.8.2011
1.11.1432,29.9.2011
1.12.1432,28.10.2011
1.1.1433,26.11.2011
1.2.1433,26.12.2011
1.3.1433,24.1.2012
1.4.1433,23.2.2012
1.5.1433,24.3.2012
1.6.1433,22.4.2012
1.7.1433,22.5.2012
1.8.1433,21.6.2012
1.9.1433,20.7.2012
1.10.1433,19.8.2012
1.11.1433,17.9.2012
1.12.1433,17.10.2012
1.1.1434,15.11.2012
1.2.1434,14.12.2012
1.3.1434,13.1.2013
1.4.1434,11.2.2013
1.5.1434,13.3.2013
1.6.1434,11.4.2013
1.7.1434,11.5.2013
1.8.1434,10.6.2013
1.9.1434,9.7.2013
1.10.1434,8.8.2013
1.11.1434,7.9.2013
1.12.1434,6.10.2013
1.1.1435,4.11.2013
1.2.1435,4.12.2013
1.3.1435,2.1.2014
1.4.1435,1.2.2014
1.5.1435,2.3.2014
1.6.1435,1.4.2014
1.7.1435,30.4.2014
1.8.1435,30.5.2014
1.9.1435,28.6.2014
1.10.1435,28.7.2014
1.11.1435,27.8.2014
1.12.1435,25.9.2014
1.1.1436,25.10.2014
1.2.1436,23.11.2014
1.3.1436,23.12.2014
1.4.1436,21.1.2015
1.5.1436,20.2.2015
1.6.1436,21.3.2015
1.7.1436,20.4.2015
1.8.1436,19.5.2015
1.9.1436,18.6.2015
1.10.1436,17.7.2015
1.11.1436,16.8.2015
1.12.1436,14.9.2015
1.1.1437,14.10.2015
1.2.1437,13.11.2015
1.3.1437,12.12.2015
1.4.1437,11.1.2016
1.5.1437,10.2.2016
1.6.1437,10.3.2016
1.7.1437,8.4.2016
1.8.1437,8.5.2016
1.9.1437,6.6.2016
1.10.1437,6.7.2016
1.11.1437,4.8.2016
1.12.1437,2.9.2016
1.1.1438,2.10.2016
1.2.1438,1.11.2016
1.3.1438,30.11.2016
1.4.1438,30.12.2016
1.5.1438,29.1.2017
1.6.1438,28.2.2017
1.7.1438,29.3.2017
1.8.1438,27.4.2017
1.9.1438,27.5.2017
1.10.1438,25.6.2017
1.11.1438,24.7.2017
1.12.1438,23.8.2017
1.1.1439,21.9.2017
1.2.1439,21.10.2017
1.3.1439,19.11.2017
1.4.1439,19.12.2017
1.5.1439,18.1.2018
1.6.1439,17.2.2018
1.7.1439,18.3.2018
1.8.1439,17.4.2018
1.9.1439,16.5.2018
1.10.1439,15.6.2018
1.11.1439,14.7.2018
1.12.1439,12.8.2018
1.1.1440,11.9.2018
1.2.1440,10.10.2018
1.3.1440,9.11.2018
1.4.1440,8.12.2018
1.5.1440,7.1.2019
1.6.1440,6.2.2019
1.7.1440,8.3.2019
1.8.1440,6.4.2019
1.9.1440,6.5.2019
1.10.1440,4.6.2019
1.11.1440,4.7.2019
1.12.1440,2.8.2019
1.1.1441,31.8.2019
1.2.1441,30.9.2019
1.3.1441,29.10.2019
1.4.1441,28.11.2019
1.5.1441,27.12.2019
1.6.1441,26.1.2020
1.7.1441,25.2.2020
1.8.1441,25.3.2020
1.9.1441,24.4.2020
1.10.1441,24.5.2020
1.11.1441,22.6.2020
1.12.1441,22.7.2020
1.1.1442,20.8.2020
1.2.1442,18.9.2020
1.3.1442,18.10.2020
1.4.1442,16.11.2020
1.5.1442,16.12.2020
1.6.1442,14.1.2021
1.7.1442,13.2.2021
1.8.1442,14.3.2021
1.9.1442,13.4.2021
1.10.1442,13.5.2021
1.11.1442,11.6.2021
1.12.1442,11.7.2021
1.1.1443,9.8.2021
1.2.1443,8.9.2021
1.3.1443,7.10.2021
1.4.1443,6.11.2021
1.5.1443,5.12.2021
1.6.1443,4.1.2022
1.7.1443,2.2.2022
1.8.1443,4.3.2022
1.9.1443,2.4.2022
1.10.1443,2.5.2022
1.11.1443,31.5.2022
1.12.1443,30.6.2022
1.1.1444,30.7.2022
1.2.1444,28.8.2022
1.3.1444,27.9.2022
1.4.1444,26.10.2022
1.5.1444,25.11.2022
1.6.1444,25.12.2022
1.7.1444,23.1.2023
1.8.1444,21.2.2023
1.9.1444,23.3.2023
1.10.1444,21.4.2023
1.11.1444,21.5.2023
1.12.1444,19.6.2023
1.1.1445,19.7.2023
1.2.1445,17.8.2023
1.3.1445,16.9.2023
1.4.1445,16.10.2023
1.5.1445,15.11.2023
1.6.1445,14.12.2023
1.7.1445,13.1.2024
1.8.1445,11.2.2024
1.9.1445,11.3.2024
1.10.1445,10.4.2024
1.11.1445,9.5.2024
1.12.1445,7.6.2024
1.1.1446,7.7.2024
1.2.1446,5.8.2024
1.3.1446,4.9.2024
1.4.1446,4.10.2024
1.5.1446,3.11.2024
1.6.1446,2.12.2024
1.7.1446,1.1.2025
1.8.1446,31.1.2025
1.9.1446,1.3.2025
1.10.1446,30.3.2025
1.11.1446,29.4.2025
1.12.1446,28.5.2025
1.1.1447,26.6.2025
1.2.1447,26.7.2025
1.3.1447,24.8.2025
1.4.1447,23.9.2025
1.5.1447,23.10.2025
1.6.1447,22.11.2025
1.7.1447,21.12.2025
1.8.1447,20.1.2026
1.9.1447,18.2.2026
1.10.1447,20.3.2026
1.11.1447,18.4.2026
1.12.1447,18.5.2026
1.1.1448,16.6.2026
1.2.1448,15.7.2026
1.3.1448,14.8.2026
1.4.1448,12.9.2026
1.5.1448,12.10.2026
1.6.1448,11.11.2026
1.7.1448,10.12.2026
1.8.1448,9.1.2027
1.9.1448,8.2.2027
1.10.1448,9.3.2027
1.11.1448,8.4.2027
1.12.1448,7.5.2027
1.1.1449,6.6.2027
1.2.1449,5.7.2027
1.3.1449,3.8.2027
1.4.1449,2.9.2027
1.5.1449,1.10.2027
1.6.1449,31.10.2027
1.7.1449,29.11.2027
1.8.1449,29.12.2027
1.9.1449,28.1.2028
1.10.1449,26.2.2028
1.11.1449,27.3.2028
1.12.1449,26.4.2028
1.1.1450,25.5.2028
1.2.1450,24.6.2028
1.3.1450,23.7.2028
1.4.1450,22.8.2028
1.5.1450,20.9.2028
1.6.1450,19.10.2028
1.7.1450,18.11.2028
1.8.1450,17.12.2028
1.9.1450,16.1.2029
1.10.1450,14.2.2029
1.11.1450,16.3.2029
1.12.1450,15.4.2029
